{
  "structures": [
    {
      "structure": "additionalstructures:pillar_ruin_1",
      "weight": 1
    },
    {
      "structure": "additionalstructures:pillar_ruin_2",
      "weight": 1
    },
    {
      "structure": "additionalstructures:pillar_ruin_3",
      "weight": 1
    },
    {
      "structure": "additionalstructures:nether_pillar_1",
      "weight": 1
    },
    {
      "structure": "additionalstructures:nether_pillar_2",
      "weight": 1
    },
    {
      "structure": "additionalstructures:end_pillar_ruin_1",
      "weight": 1
    },
    {
      "structure": "additionalstructures:end_pillar_ruin_2",
      "weight": 1
    },
    {
      "structure": "additionalstructures:desert_pillars_1",
      "weight": 1
    },
    {
      "structure": "additionalstructures:desert_pillars_2",
      "weight": 1
    }

  ],
  "placement": {
    "type": "minecraft:random_spread",
    "spacing": 20,
    "separation": 5,
    "salt": 50384294
  }
}
